serial,location,stream_type,n_observations,best_curve,best_r2,mean_fullness_at_collection,median_elapsed_hours,pct_wasted_trips,fill_pct_at_24h,fill_pct_at_48h,fill_pct_at_72h,coeff_L,coeff_k,coeff_t0,coeff_a,coeff_b
1503614,W08 University Drive,Compostables,79,sigmoid,0.3614,50.1,73.4,36.7,19.7,39.2,56.3,69.590629,0.049326,42.799076,,
1503616,W18 Campanile Way West Entrance,Compostables,55,sigmoid,0.4844,42.2,95.7,45.5,0.0,0.0,59.3,59.350568,2.0,67.88213,,
1503621,E19 South Path Drive,Waste,77,sigmoid,0.2224,41.0,73.3,55.8,16.0,28.3,42.0,65.074041,0.035837,55.241315,,
1503623,E17 Tan/Campbell,Waste,54,sigmoid,0.2738,31.5,49.0,63.0,14.1,21.9,31.0,59.264554,0.026037,68.562946,,
1503624,E22 May Morrison Hall,Waste,110,sigmoid,0.384,52.9,57.1,34.5,23.3,55.1,66.4,68.451995,0.086571,31.670644,,
1503625,E14 Physics,Waste,70,sigmoid,0.1504,44.6,70.5,44.3,27.5,38.7,47.9,61.282902,0.030918,30.633855,,
1503626,W04 Morgan Hall,Waste,33,sigmoid,0.3446,13.9,73.4,81.8,1.0,2.4,5.2,54.00405,0.034987,136.137824,,
1503628,E28 Library/Campanile Way,Waste,71,sigmoid,0.504,31.8,48.7,66.2,8.3,18.8,34.4,63.630989,0.042937,68.188913,,
1503632,W08 University Drive,Waste,106,sigmoid,0.4252,49.4,69.9,36.8,19.3,39.5,58.0,73.049719,0.049562,44.701764,,
1503633,W18 Campanile Way West Entrance,Waste,110,sigmoid,0.3993,48.5,71.9,39.1,17.9,40.9,59.1,68.633389,0.059777,41.472305,,
1503634,E19 South Path Drive,Bottles/Cans,20,sigmoid,0.1125,27.0,119.6,60.0,6.0,8.9,12.9,120.0,0.017243,194.570952,,
1503636,E28 Library/Campanile Way,Compostables,37,sigmoid,0.1236,31.9,95.6,70.3,16.2,20.1,24.8,120.0,0.010634,198.598024,,
1503637,E22 May Morrison Hall,Compostables,61,sigmoid,0.4425,49.5,75.1,39.3,9.7,46.6,59.1,60.054732,0.120596,37.675548,,
1503638,W08 University Drive,Bottles/Cans,29,sigmoid,0.1818,45.5,115.4,41.4,16.5,26.9,38.6,64.852785,0.030367,59.391534,,
1503639,E22 May Morrison Hall,Bottles/Cans,24,sigmoid,0.0138,63.3,100.5,20.8,57.3,59.2,61.1,120.0,0.002683,58.170914,,
1503640,W04 Morgan Hall,Bottles/Cans,13,sigmoid,0.1362,7.7,74.0,92.3,0.0,0.0,0.0,19.934202,1.999906,113.481715,,
1503641,E19 South Path Drive,Compostables,35,sigmoid,0.064,30.9,119.8,71.4,17.9,21.1,24.7,98.207477,0.008522,200.0,,
1503642,E14 Physics,Bottles/Cans,10,sigmoid,0.9695,66.0,141.1,20.0,0.0,0.0,0.0,82.857143,1.473946,94.472704,,
1503644,E17 Tan/Campbell,Compostables,36,sigmoid,0.2174,22.2,89.3,97.2,12.8,25.2,25.2,25.227976,2.0,23.987914,,
1503646,E17 Tan/Campbell,Bottles/Cans,11,sigmoid,0.5416,21.8,116.5,72.7,0.0,0.0,0.0,80.274787,2.0,162.5793,,
1503647,E28 Library/Campanile Way,Bottles/Cans,14,sigmoid,0.0003,20.0,122.5,71.4,18.9,19.2,19.5,42.422665,0.001243,200.0,,
1503649,W04 Morgan Hall,Compostables,24,sigmoid,0.3187,12.5,103.6,87.5,0.0,0.0,0.0,46.553875,0.226555,145.133215,,
1503651,E14 Physics,Compostables,44,saturating,0.0496,43.2,111.6,77.3,34.0,41.9,43.7,,,,44.244061,0.060821
1514000,Chiet Hall 2,Compostables,30,sigmoid,0.1776,21.3,95.6,76.7,7.0,11.3,17.1,40.087276,0.026195,83.489056,,
1514001,U16 Durant Hall,Compostables,46,saturating,0.4316,44.3,97.1,45.7,14.2,26.3,36.8,,,,100.273332,0.006346
1514002,W13 Recreational Sport Facility (Compost),Compostables,35,sigmoid,0.2555,42.3,95.9,42.9,19.5,25.9,33.7,110.81874,0.01493,127.374518,,
1514003,W11 Moffitt Library @ Press,Compostables,85,sigmoid,0.0533,59.1,71.2,24.7,52.2,55.5,58.8,97.784165,0.005816,1.000001,,
1514005,U25 Anthropology and Art Practice (Compost),Compostables,54,sigmoid,0.2534,51.1,87.5,29.6,15.5,35.5,52.7,62.92011,0.057499,43.455462,,
1514007,E21 Cafe Think,Compostables,71,power_law,0.04,53.5,53.2,32.4,47.1,52.2,55.4,,,,29.556049,0.146722
1514008,001 Berkeley Way (Offsite),Compostables,3,insufficient_data,,60.0,119.4,0.0,,,,,,,,
1514009,E24 Chiet Hall,Compostables,75,sigmoid,0.0558,48.3,67.8,50.7,41.8,45.0,48.3,120.0,0.004873,152.786679,,
1514010,W05 Brown’s Cafe,Compostables,117,power_law,-0.0151,73.0,29.9,12.0,68.8,73.8,76.9,,,,50.0,0.100582
1514011,Cheit Hall 2,Bottles/Cans,5,insufficient_data,,16.0,99.0,80.0,,,,,,,,
1514013,W11 Moffitt Library @ Press,Bottles/Cans,42,sigmoid,0.2802,70.5,95.4,16.7,43.7,58.6,70.6,88.548253,0.029082,24.844827,,
1514014,U16 Durant Hall,Bottles/Cans,19,sigmoid,0.1219,37.9,110.8,52.6,42.4,42.4,42.4,42.35257,1.999995,17.379827,,
1514015,E24 Chiet Hall,Bottles/Cans,28,sigmoid,0.059,42.9,119.5,46.4,15.8,30.5,41.1,47.568448,0.053103,37.090149,,
1514016,W05 Brown’s Cafe,Bottles/Cans,32,sigmoid,0.1653,38.8,73.7,53.1,17.1,24.1,33.0,120.0,0.017115,128.740359,,
1514017,W13 Recreational Sport Facility (B/C),Bottles/Cans,36,saturating,0.3204,60.0,97.3,27.8,23.7,41.6,55.2,,,,97.123168,0.01166
1514019,U25 Anthropology and Art Practice (B/C),Bottles/Cans,33,sigmoid,0.2246,64.2,96.9,18.2,36.8,69.0,69.6,69.587148,0.191674,23.396641,,
1514020,E21 Cafe Think,Bottles/Cans,19,saturating,0.002,40.0,95.9,47.4,37.1,40.1,40.3,,,,40.331863,0.105015
1514021,001 Berkeley Way (Offsite),Bottles/Cans,13,sigmoid,0.0173,49.2,51.7,38.5,44.5,47.2,49.9,120.0,0.003901,159.274488,,
1514022,Chiet Hall 2,Waste,60,sigmoid,0.1077,41.0,87.8,56.7,25.1,34.9,42.8,53.0523,0.031964,27.433865,,
1514023,U25 Anthropology and Art Practice (Landfill),Waste,111,sigmoid,0.2099,60.5,64.2,21.6,42.2,61.5,68.7,71.091436,0.061915,17.914098,,
1514026,W11 Moffitt Library @ Press,Waste,152,sigmoid,-0.0045,66.3,46.2,23.7,62.2,64.5,66.8,120.0,0.003224,1.0,,
1514028,E24 Chiet Hall,Waste,91,sigmoid,0.1216,53.2,69.9,39.6,50.1,56.1,56.1,56.080397,0.392747,18.572722,,
1514029,E21 Cafe Think,Waste,86,sigmoid,0.1177,55.3,69.4,33.7,38.8,51.9,59.6,65.638517,0.040012,14.72984,,
1514030,U16 Durant Hall,Waste,70,sigmoid,0.5742,46.3,73.4,44.3,6.7,40.0,59.6,61.677963,0.113604,42.601456,,
1514032,W05 Brown’s Cafe,Waste,86,sigmoid,0.1245,66.5,70.1,22.1,52.5,60.8,68.0,88.947698,0.016987,2.651181,,
1515666,E16 Campanile,Waste,101,sigmoid,0.2136,53.9,72.9,29.7,32.3,49.8,60.4,67.394051,0.046672,25.739654,,
1515667,U18 Dwinelle Walkway,Waste,120,sigmoid,0.2303,59.3,50.5,28.3,43.0,65.3,68.5,68.842852,0.100426,18.92984,,
1515668,E25 Cronk Gate,Waste,70,sigmoid,0.272,38.3,76.7,54.3,11.8,24.4,39.3,58.812988,0.043343,55.875313,,
1515669,W03 Li Ka Shing Hall,Waste,29,sigmoid,0.2185,47.6,119.3,34.5,31.2,35.7,40.6,120.0,0.007815,157.774564,,
1515670,W01 Lower Crescent,Waste,112,sigmoid,0.3884,54.3,73.0,33.0,21.4,41.7,60.1,76.125024,0.047093,43.942602,,
1515671,"U24 Rice & Bones, Wurster",Waste,92,sigmoid,0.3041,52.8,71.4,33.7,24.1,51.0,62.3,65.011617,0.075958,30.949881,,
1515672,U14 Sproul Hall Steps,Waste,163,sigmoid,0.1605,58.2,40.2,27.6,51.1,65.4,67.1,67.317711,0.098276,12.289696,,
1515673,E04 North Gate Entrance,Waste,135,sigmoid,0.2728,63.1,51.6,22.2,45.5,69.5,69.6,69.560054,0.253686,21.47613,,
1515674,W02 Crescent,Waste,88,sigmoid,0.2943,54.8,48.8,38.6,32.4,52.6,66.5,76.588492,0.045693,30.8228,,
1515675,U27 Anthony Hall,Waste,27,sigmoid,0.3537,50.4,106.6,33.3,22.0,32.7,43.7,67.896226,0.027654,50.633387,,
1515676,E08 Cory Hall,Waste,29,sigmoid,0.2422,45.5,120.6,41.4,6.8,49.2,49.2,49.222539,0.364555,29.023874,,
1515677,U06 Bear's Lair,Waste,116,sigmoid,0.2729,36.6,46.6,61.2,23.6,41.0,49.6,53.083945,0.060033,27.667751,,
1515678,U20 Sproul Hall UCPD,Waste,102,sigmoid,0.5499,46.1,68.2,39.2,10.1,48.9,61.0,61.864338,0.123216,37.264005,,
1515679,U04 Zellerbach,Waste,111,sigmoid,0.3654,42.0,47.6,52.3,24.0,48.7,59.3,62.052211,0.073221,30.271157,,
1515680,U10 GoldenBear Walkway,Waste,74,saturating,0.1683,63.0,43.8,28.4,55.0,69.3,73.0,,,,74.344214,0.056071
1515681,U02 Spieker Plaza Center,Waste,98,sigmoid,0.4085,42.7,68.9,48.0,16.0,34.7,51.2,62.438151,0.053789,43.837487,,
1515682,E08 Cory Hall,Compostables,18,sigmoid,0.2145,12.2,118.1,88.9,0.6,1.2,2.4,117.304764,0.030127,200.0,,
1515683,E23 Glade Path,Compostables,69,sigmoid,0.3294,39.7,73.1,59.4,12.1,35.3,49.5,53.325277,0.079122,39.47562,,
1515684,E13 Stanley Hall,Compostables,38,saturating,0.2873,31.1,83.2,71.1,11.1,20.7,28.9,,,,78.663183,0.00635
1515685,U13 Bancroft Way,Compostables,127,sigmoid,0.3234,57.2,48.2,38.6,36.6,65.1,71.9,72.866764,0.088581,23.922128,,
1515686,E05 V&A Cafe/Etcheverry,Compostables,57,sigmoid,0.2136,36.8,75.6,59.6,11.0,37.7,43.5,43.935021,0.120131,33.086784,,
1515687,U20 Sproul Hall UCPD,Compostables,49,sigmoid,0.4535,42.4,95.8,51.0,14.7,24.1,35.8,71.988436,0.028051,72.482136,,
1515688,W01 Lower Crescent,Compostables,64,sigmoid,0.4267,38.8,82.1,53.1,12.9,21.7,33.1,74.302218,0.027965,79.733548,,
1515689,U06 Bear's Lair,Compostables,102,sigmoid,0.2337,34.7,35.8,65.7,27.5,45.7,46.8,46.811814,0.138771,21.466868,,
1515690,W02 Crescent,Compostables,64,sigmoid,0.3468,49.7,64.4,43.8,17.0,40.5,61.8,74.939091,0.057752,45.177616,,
1515691,E25 Cronk Gate,Compostables,53,sigmoid,0.1146,26.0,75.6,73.6,14.9,18.4,22.6,109.380871,0.010499,200.0,,
1515692,U15 Sather Gate,Waste,173,sigmoid,0.2338,53.6,40.9,34.1,42.2,63.4,64.9,65.028103,0.126634,19.123545,,
1515693,U12 Upper MLK Union,Waste,168,sigmoid,0.0718,65.0,45.6,29.2,58.4,65.1,71.4,103.490698,0.011274,1.0,,
1515694,U11 Golden Bear NE,Waste,311,saturating,-0.0334,70.2,17.3,19.3,70.3,70.3,70.3,,,,70.285908,2.0
1515695,E15 Bancroft Library,Waste,72,sigmoid,0.4512,35.8,57.9,55.6,10.0,50.4,50.4,50.4205,1.022226,25.369154,,
1515696,U08 MLK Courtyard,Waste,195,saturating,0.1015,61.0,25.6,27.2,60.9,69.0,70.1,,,,70.268134,0.08405
1515697,E13 Stanley Hall,Waste,86,sigmoid,0.5979,34.7,71.8,58.1,8.9,23.0,40.7,58.141172,0.053257,56.018785,,
1515699,E01 California Hall,Waste,100,sigmoid,0.5393,37.8,48.3,57.0,8.6,43.1,58.7,60.207584,0.113062,39.850379,,
1515700,E06 Sutardja Dali Hall/Yali's 1,Waste,87,sigmoid,0.2683,52.4,68.8,33.3,32.8,43.5,53.8,81.335679,0.022177,41.698029,,
1515701,E07 Sutardja Dai Hall/Yali's 2,Waste,58,sigmoid,0.2382,38.3,90.0,56.9,18.3,24.6,32.2,92.918377,0.016022,111.678608,,
1515702,U19 Wheeler Walkway,Waste,92,sigmoid,0.2916,53.5,64.3,33.7,35.1,61.8,61.8,61.841328,0.510237,23.471943,,
1515703,E09- East Asian Library,Waste,7,insufficient_data,,51.4,92.2,28.6,,,,,,,,
1515704,E05 V&A Cafe/Etcheverry,Waste,66,sigmoid,0.2571,63.3,77.6,16.7,30.5,59.2,68.6,70.480737,0.080374,27.348758,,
1515710,E29 Campanile East,Waste,100,sigmoid,0.508,43.2,72.0,51.0,3.9,60.0,60.1,60.084196,0.413806,30.454952,,
1515711,U07 Cal Book Store,Waste,188,sigmoid,0.202,56.5,27.0,29.8,54.6,65.9,66.1,66.069471,0.174484,15.049229,,
1515712,E09- East Asian Library,Compostables,3,insufficient_data,,20.0,159.7,100.0,,,,,,,,
1515714,"U24 Rice & Bones, Wurster",Compostables,70,sigmoid,0.3083,48.0,76.5,34.3,13.2,51.2,57.1,57.383965,0.13846,32.694305,,
1515715,E04 North Gate Entrance,Compostables,71,sigmoid,0.2103,54.4,91.6,32.4,36.0,44.1,51.8,78.571993,0.017198,33.748802,,
1515716,E16 Campanile,Compostables,45,sigmoid,0.0577,54.7,104.5,28.9,44.4,47.6,50.9,120.0,0.004719,136.992348,,
1515718,U18 Dwinelle Walkway,Compostables,103,sigmoid,0.2898,50.9,48.1,41.7,33.0,60.9,62.3,62.374338,0.149694,23.205707,,
1515719,W03 Li Ka Shing Hall,Compostables,26,sigmoid,0.6151,54.6,99.4,23.1,0.0,48.1,61.7,61.739149,1.999997,47.37175,,
1515720,"U24 Rice & Bones, Wurster",Bottles/Cans,17,power_law,-0.0,36.5,143.0,52.9,36.5,36.5,36.5,,,,36.470588,0.0
1515721,U02 Spieker Plaza Center,Bottles/Cans,25,sigmoid,0.0895,31.2,80.2,60.0,5.5,22.4,37.4,41.537002,0.084814,46.145232,,
1515722,U09 MLK Ramp,Bottles/Cans,76,sigmoid,0.3488,43.4,58.8,48.7,0.0,48.2,61.7,61.689174,0.686389,46.147312,,
1515723,E13 Stanley Hall,Bottles/Cans,10,sigmoid,0.005,36.0,118.7,50.0,27.5,29.6,31.8,88.534657,0.004538,200.0,,
1515724,U11 Golden Bear Cafe Entry,Bottles/Cans,102,sigmoid,0.2339,59.4,48.2,33.3,38.6,56.7,72.1,93.025408,0.032898,34.422586,,
1515725,U27 Anthony Hall,Bottles/Cans,4,insufficient_data,,15.0,117.3,75.0,,,,,,,,
1515726,E15 Bancroft Library,Bottles/Cans,13,sigmoid,0.26,43.1,124.2,46.2,9.1,21.6,38.4,60.067099,0.047784,60.005655,,
1515727,E16 Campanile,Bottles/Cans,23,sigmoid,-0.0004,58.3,93.3,34.8,58.1,58.2,58.2,116.061302,0.0001,1.000008,,
1515728,W01 Lower Crescent,Bottles/Cans,49,sigmoid,0.2318,47.3,74.2,40.8,26.9,34.4,43.1,120.0,0.013805,113.937028,,
1515729,E25 Cronk Gate,Bottles/Cans,29,saturating,0.3588,59.3,101.6,27.6,20.1,36.7,50.4,,,,115.083852,0.008004
1515731,W02 Crescent,Bottles/Cans,42,sigmoid,0.4567,39.0,93.9,50.0,8.0,15.1,26.8,97.950867,0.030075,104.528137,,
1515732,E04 North Gate Entrance,Bottles/Cans,51,sigmoid,0.4289,38.0,93.4,52.9,0.0,0.0,48.8,56.825978,0.812113,69.781225,,
1515733,E08 Cory Hall,Bottles/Cans,8,insufficient_data,,37.5,89.1,50.0,,,,,,,,
1515734,U19 Wheeler Walkway,Bottles/Cans,33,sigmoid,0.3355,60.0,105.8,24.2,0.0,66.5,67.7,67.733819,1.50027,45.360506,,
1515735,U20 Sproul Hall UCPD,Bottles/Cans,23,sigmoid,0.0588,52.2,118.0,30.4,37.4,41.5,45.7,120.0,0.006393,147.971629,,
1515736,W12 VLSB/Campanile Way,Bottles/Cans,16,sigmoid,0.0835,27.5,118.7,68.8,0.0,30.4,31.4,31.428571,0.779643,43.60322,,
1515737,W03 Li Ka Shing Hall,Bottles/Cans,14,sigmoid,0.3412,11.4,96.4,92.9,0.0,0.0,0.0,34.990985,2.0,111.50279,,
1515738,U05 Cesar Chavez,Bottles/Cans,34,sigmoid,0.298,38.2,108.7,52.9,3.4,6.7,13.0,120.0,0.029772,142.905514,,
1515739,U17 Dwinelle Plaza Entry,Bottles/Cans,50,sigmoid,0.0073,66.4,88.0,20.0,61.7,63.4,65.1,120.0,0.002411,1.0,,
1515740,U04 Zellerbach,Bottles/Cans,21,sigmoid,0.5005,29.5,48.8,61.9,9.6,16.1,25.7,96.34071,0.024803,112.75206,,
1515741,E12 Evans Hall Bus Stop,Waste,61,sigmoid,0.3598,21.3,49.0,77.0,6.1,10.7,17.9,59.496819,0.027727,102.536904,,
1515743,E02 North Entrance Memorial Glade,Waste,142,sigmoid,0.105,51.1,48.2,45.1,40.0,53.5,59.5,62.443468,0.050364,12.552574,,
1515744,U13 Bancroft Way,Waste,162,sigmoid,0.4063,61.7,46.9,38.3,41.6,75.1,75.6,75.574391,0.203877,22.994159,,
1515745,W12 VLSB/Campanile Way,Waste,54,sigmoid,0.4313,31.5,72.3,64.8,9.8,17.6,28.3,65.2624,0.030475,80.797322,,
1515746,E23 Glade Path,Waste,112,sigmoid,0.2685,45.9,48.2,47.3,24.8,55.4,61.0,61.483347,0.108271,27.636943,,
1515747,U17 Dwinelle Plaza Entry,Waste,140,sigmoid,-0.0065,63.9,43.0,18.6,61.2,62.5,63.7,120.0,0.001746,1.0,,
1515748,E12 Evans Hall Bus Stop,Compostables,36,sigmoid,0.1244,20.0,99.8,86.1,8.5,11.2,14.6,53.716619,0.014342,140.69151,,
1515749,U07 Cal Book Store,Compostables,178,saturating,0.046,56.9,25.2,30.9,58.1,62.3,62.6,,,,62.667649,0.1091
1515750,E02 North Entrance Memorial Glade,Compostables,83,sigmoid,0.0902,42.9,50.3,54.2,31.3,40.9,48.0,57.245849,0.030323,17.789722,,
1515751,U14 Sproul Hall Steps,Compostables,107,sigmoid,0.1192,39.6,47.8,58.9,30.0,41.0,48.1,54.43546,0.038123,18.690553,,
1515752,E29 Campanile East,Compostables,5,insufficient_data,,12.0,134.8,80.0,,,,,,,,
1515753,U08 MLK Courtyard,Compostables,219,saturating,-0.0099,65.0,22.6,21.9,65.1,65.1,65.1,,,,65.138897,2.0
1515754,E07 Sutardja Dai Hall/Yali's 2,Compostables,21,sigmoid,0.3069,30.5,96.1,66.7,13.5,17.6,22.8,120.0,0.012886,184.425933,,
1515755,U10 GoldenBear Walkway,Compostables,80,saturating,0.0553,49.0,28.5,46.2,47.6,53.0,53.6,,,,53.719188,0.090686
1515756,E06 Sutardja Dali Hall/Yali's 1,Compostables,42,sigmoid,0.1819,52.9,96.8,28.6,36.7,42.3,48.2,120.0,0.008729,117.684057,,
1515757,W12 VLSB/Campanile Way,Compostables,23,sigmoid,0.0486,34.8,75.2,73.9,26.0,29.1,32.4,105.004477,0.006315,200.0,,
1515758,U17 Dwinelle Plaza Entry,Compostables,115,power_law,0.0145,59.0,47.8,25.2,56.7,59.5,61.3,,,,45.281656,0.070756
1515759,U09 MLK Ramp,Compostables,177,sigmoid,0.0131,59.1,24.0,28.2,57.9,60.7,63.5,110.338544,0.004279,1.0,,
1515760,E23 Glade Path,Bottles/Cans,30,sigmoid,0.0274,60.7,96.1,30.0,50.2,53.8,57.4,100.983186,0.006004,26.001689,,
1515761,E05 V&A Cafe/Etcheverry,Bottles/Cans,10,sigmoid,0.2376,36.0,84.5,60.0,0.0,48.3,48.6,48.571429,0.761068,41.23453,,
1515763,E01 California Hall,Bottles/Cans,33,sigmoid,0.1508,41.2,118.6,48.5,15.5,25.1,35.9,61.064796,0.029863,60.022153,,
1515764,E29 Campanile East,Bottles/Cans,15,power_law,-0.0,37.3,71.9,53.3,37.3,37.3,37.3,,,,37.333332,0.0
1515765,E02 North Entrance Memorial Glade,Bottles/Cans,23,sigmoid,0.1671,46.1,91.4,47.8,9.1,23.5,41.4,57.758266,0.054456,54.878269,,
1515766,E07 Sutardja Dai Hall/Yali's 2,Bottles/Cans,1,insufficient_data,,20.0,146.1,100.0,,,,,,,,
1515767,U08 MLK Courtyard,Bottles/Cans,70,sigmoid,0.3961,58.6,64.6,30.0,25.6,60.9,74.1,76.475348,0.085593,32.055766,,
1515769,U12 Upper MLK Union,Bottles/Cans,52,sigmoid,0.4425,55.0,76.1,36.5,0.0,33.0,69.2,69.21459,2.0,48.045223,,
1515770,U10 Golden Bear Walkway,Bottles/Cans,38,sigmoid,0.4403,59.5,71.0,34.2,0.0,79.4,79.6,79.62968,2.0,45.090261,,
1515771,E12 Evans Hall Bus Stop,Bottles/Cans,10,sigmoid,0.433,30.0,89.6,60.0,0.0,0.0,11.8,49.987776,2.0,72.588463,,
1515772,U06 Bear's Lair,Bottles/Cans,40,sigmoid,0.1845,40.5,87.7,50.0,21.5,30.7,40.1,63.743355,0.025108,50.9114,,
1515773,U07 Cal Book Store,Bottles/Cans,73,sigmoid,0.3701,56.7,71.6,31.5,8.9,65.4,69.3,69.288142,0.198025,33.68817,,
1515775,U18 Dwinelle Walkway,Bottles/Cans,46,sigmoid,0.1215,59.6,95.7,26.1,21.0,45.5,60.7,66.865452,0.064017,36.22366,,
1515776,E06 Sutardja Dali Hall/Yali's 1,Bottles/Cans,6,insufficient_data,,13.3,88.2,83.3,,,,,,,,
1515777,U14 Sproul Hall Steps,Bottles/Cans,53,sigmoid,0.2835,60.8,93.6,22.6,24.3,47.6,65.0,75.736495,0.053197,38.118172,,
1515778,U15 Sather Gate,Bottles/Cans,65,sigmoid,0.0988,65.8,92.2,20.0,39.6,57.0,67.2,74.280367,0.044034,20.927262,,
1515779,U13 Bancroft Way,Bottles/Cans,72,saturating,0.2952,60.8,88.0,27.8,26.1,45.2,59.2,,,,97.479849,0.012979
1515780,U09 MLK Ramp,Waste,132,logarithmic,0.0929,48.3,27.4,43.9,43.7,52.8,58.2,,,,13.541163,1.011343
1515783,U05 Cesar Chavez,Waste,119,sigmoid,0.1244,51.6,46.4,44.5,42.7,51.3,58.3,73.587872,0.021135,8.62755,,
1515784,U19 Wheeler Walkway,Compostables,82,sigmoid,0.4551,50.5,58.4,31.7,21.2,60.4,60.8,60.754538,0.239584,26.609339,,
1515785,U02 Spieker Plaza Center,Compostables,41,sigmoid,0.14,43.9,117.4,41.5,28.4,32.8,37.6,120.0,0.008116,168.503428,,
1515786,U15 Sather Gate,Compostables,109,sigmoid,0.0842,51.9,47.8,44.0,43.4,53.9,58.6,61.107,0.046758,4.857296,,
1515787,E01 California Hall,Compostables,74,sigmoid,0.2928,26.2,69.3,85.1,4.7,19.6,35.0,40.056709,0.082199,48.488567,,
1515789,E15 Bancroft Library,Compostables,41,sigmoid,0.2447,35.6,95.6,58.5,13.9,28.4,40.0,47.498048,0.053343,40.549932,,
1515790,U12 Upper MLK Union,Compostables,123,sigmoid,0.2751,54.0,48.0,49.6,41.6,64.4,64.6,64.615319,0.20473,21.096106,,
1515791,U05 Cesar Chavez,Compostables,119,power_law,0.0142,61.3,42.8,21.0,59.2,61.9,63.5,,,,48.249304,0.064398
1515817,U11 Golden Bear Cafe Entry,Compostables,114,linear,0.0,0.0,20.5,100.0,0.0,0.0,0.0,,,,0.0,
1515818,U04 Zellerbach,Compostables,107,sigmoid,0.1172,41.3,46.4,52.3,32.1,44.8,51.2,54.932512,0.047566,16.842025,,
1516524,U30 Birge Path,Bottles/Cans,27,sigmoid,0.0925,51.1,119.1,37.0,27.0,33.9,41.3,84.019071,0.014855,74.211381,,
1516527,U28 Wheeler,Bottles/Cans,31,sigmoid,0.2547,25.2,98.2,71.0,0.0,0.0,0.0,43.749741,1.997311,94.092319,,
1516528,E31 South Hall Rd. Near Clock Tower,Bottles/Cans,17,power_law,-0.0,32.9,118.4,58.8,32.9,32.9,32.9,,,,32.941176,0.0
1516529,E27 Coffee Lab,Bottles/Cans,6,insufficient_data,,66.7,62.1,16.7,,,,,,,,
1516530,U33 Spieker Plaza,Bottles/Cans,44,sigmoid,0.0051,35.0,71.4,59.1,31.8,33.3,34.8,86.446945,0.00308,200.0,,
1516531,W17 Mulford Hall,Bottles/Cans,54,saturating,-0.0659,74.4,60.7,24.1,74.7,74.7,74.7,,,,74.720075,2.0
1516533,W15 Koshland,Bottles/Cans,18,power_law,-0.0,26.7,77.9,72.2,26.7,26.7,26.7,,,,26.666667,0.0
1516534,U32 HFA / Hearst Gym - West Side,Bottles/Cans,10,power_law,-0.0,28.0,106.3,60.0,28.0,28.0,28.0,,,,28.0,0.0
1516535,West Circle,Bottles/Cans,22,saturating,0.0274,50.0,94.0,36.4,36.7,47.9,51.3,,,,52.850194,0.049357
1516537,U30 Birge Path,Compostables,95,sigmoid,0.2774,32.0,56.7,62.1,12.8,25.4,38.5,53.276334,0.043862,50.18101,,
1516538,U28 Wheeler,Compostables,32,logarithmic,0.2174,37.5,95.7,62.5,17.0,27.2,34.6,,,,26.219746,0.038023
1516539,W15 Koshland,Compostables,46,sigmoid,0.3908,55.7,95.1,26.1,22.5,58.9,60.7,60.751172,0.166974,27.194655,,
1516541,E31 South Hall Rd. Near Clock Tower,Compostables,27,power_law,-0.0,24.4,73.0,74.1,24.4,24.4,24.4,,,,24.444444,0.0
1516542,E27 Coffee Lab,Compostables,17,sigmoid,0.1536,50.6,144.2,29.4,28.4,36.7,44.1,61.038544,0.022943,30.142773,,
1516544,U33 Spieker Plaza,Compostables,27,sigmoid,0.3748,28.9,73.4,70.4,9.3,13.8,20.1,120.0,0.018101,160.744746,,
1516545,U32 HFA / Hearst Gym - West Side,Compostables,30,logarithmic,0.066,28.0,94.4,80.0,13.7,20.8,25.6,,,,14.991562,0.062489
1516546,West Circle,Compostables,24,saturating,0.3236,26.7,75.4,75.0,8.9,17.2,24.7,,,,114.24638,0.00339
1516547,E31 South Hall Rd. Near Clock Tower,Waste,56,sigmoid,0.4232,22.5,52.6,75.0,5.6,14.9,28.2,43.74095,0.052286,60.684755,,
1516548,W17 Mulford Hall,Waste,67,saturating,0.4678,46.6,72.2,37.3,19.3,35.0,47.7,,,,102.25482,0.008727
1516549,W17 Mulford Hall,Compostables,79,sigmoid,0.2932,57.2,66.0,30.4,36.6,65.4,69.8,70.183988,0.105633,23.196041,,
1516550,U33 Spieker Plaza,Waste,98,sigmoid,0.4805,43.7,71.5,50.0,12.9,35.0,54.5,63.919738,0.065171,45.062349,,
1516551,U30 Birge Path,Waste,72,sigmoid,0.2857,40.6,49.5,50.0,17.3,41.0,53.8,57.677437,0.0728,35.691128,,
1516552,West Circle,Waste,73,sigmoid,0.3324,45.5,72.3,41.1,13.2,43.7,56.2,57.942776,0.097639,36.517692,,
1516553,E27 Coffee Lab,Waste,33,sigmoid,0.072,32.1,93.6,66.7,21.6,25.0,28.8,107.600395,0.007848,200.0,,
1516555,U32 HFA / Hearst Gym - West Side,Waste,73,sigmoid,0.4391,40.3,71.4,52.1,9.2,31.1,50.9,58.138639,0.075222,46.143317,,
1516556,U28 Wheeler,Waste,62,sigmoid,0.4644,32.3,78.5,64.5,7.0,25.7,43.5,49.74953,0.078197,47.169159,,
1516557,W15 Koshland,Waste,40,sigmoid,0.4335,57.5,111.7,20.0,0.3,63.0,63.0,63.022972,2.0,26.621803,,
1520904,UC Botanical Gardens,Bottles/Cans,17,linear,0.0,0.0,151.5,100.0,0.0,0.0,0.0,,,,0.0,
1520905,E30 Tan Hall North Side,Bottles/Cans,12,sigmoid,0.4384,41.7,127.3,41.7,0.0,0.0,0.0,62.857143,1.502138,99.515574,,
1520906,Stadium Gate 3,Bottles/Cans,90,sigmoid,0.0134,5.3,50.8,96.7,3.1,4.2,5.5,10.0,0.020641,63.147577,,
1520907,Stadium Gate 4,Bottles/Cans,68,sigmoid,0.0211,3.8,72.5,98.5,1.7,2.4,3.2,22.806081,0.01422,200.0,,
1520908,E26  Bechtel West Side,Bottles/Cans,7,insufficient_data,,34.3,99.4,57.1,,,,,,,,
1520909,U23 Law Building west of Heyman Terrace,Bottles/Cans,19,sigmoid,0.2307,55.8,99.8,36.8,0.0,50.6,62.4,62.363112,1.999914,47.270276,,
1520910,E30 Soda Hall NW,Bottles/Cans,8,insufficient_data,,17.5,110.6,75.0,,,,,,,,
1520911,Stadium Gate 4,Waste,25,sigmoid,0.1539,17.6,95.0,100.0,8.7,13.2,17.2,22.322539,0.034785,37.130133,,
1520912,E30 Tan Hall North Side,Compostables,14,sigmoid,0.0526,40.0,108.9,50.0,30.1,32.9,35.8,105.864044,0.005253,200.0,,
1520913,U23 Law Building west of Heyman Terrace,Waste,81,sigmoid,0.4351,50.4,71.7,35.8,19.4,53.8,62.2,62.9838,0.107456,31.526813,,
1520914,Stadium Gate 3,Waste,32,logarithmic,0.0662,28.8,96.2,78.1,20.5,25.7,28.8,,,,7.845052,0.528868
1520916,E30 Soda Hall NW,Waste,32,sigmoid,0.1657,38.1,93.8,59.4,19.0,24.9,31.6,71.049314,0.016288,85.774567,,
1520917,E30 Tan Hall North Side,Waste,44,sigmoid,0.4756,50.9,101.5,27.3,0.8,56.4,57.7,57.66348,0.338518,36.679225,,
1520918,UC Botanical Gardens,Waste,25,logarithmic,0.0002,2.4,116.5,100.0,1.9,2.2,2.3,,,,0.352709,10.0
1520919,E26  Bechtel West Side,Waste,24,sigmoid,0.4392,56.7,86.0,29.2,13.4,44.0,65.2,70.862925,0.081057,41.926233,,
1520920,Stadium Gate 4,Compostables,23,sigmoid,0.2077,5.2,97.0,100.0,0.0,0.0,0.0,10.0,1.999999,95.412688,,
1520922,E26  Bechtel West Side,Compostables,18,sigmoid,0.1067,35.6,97.8,61.1,0.0,38.8,38.8,38.75062,2.0,38.68434,,
1520923,E30 Soda Hall NW,Compostables,28,saturating,0.0049,24.3,96.1,85.7,21.1,24.0,24.5,,,,24.517049,0.082364
1520925,Stadium Gate 3,Compostables,32,sigmoid,0.1266,8.8,96.6,96.9,0.0,0.0,0.0,13.68421,1.909498,83.352977,,
1520926,UC Botanical Gardens,Compostables,22,power_law,-0.0,0.9,156.3,100.0,0.9,0.9,0.9,,,,0.90909,0.0
1520928,U23 Law Building west of Heyman Terrace,Compostables,60,sigmoid,0.2376,58.3,95.9,23.3,26.1,44.5,57.3,66.103032,0.04776,32.897826,,
2502339,W18 Campanile Way West Entrance,Bottles/Cans,30,saturating,-0.0,62.7,109.1,20.0,62.7,62.7,62.7,,,,62.666891,2.0
2503760,U26 A&E Sproul,Compostables,22,sigmoid,0.0002,32.7,120.3,59.1,32.1,32.3,32.5,67.021395,0.000487,199.999173,,
2503761,W06 West Circle,Compostables,90,sigmoid,0.2418,58.7,71.6,25.6,38.0,62.9,66.2,66.458714,0.107616,21.293475,,
2503762,E18 Latimer Courtyard,Compostables,35,sigmoid,0.3159,57.1,100.5,20.0,6.0,59.1,60.0,60.04989,0.264123,32.32687,,
2503763,U03 Grade Street,Compostables,38,sigmoid,0.3948,50.5,118.8,28.9,18.4,38.8,52.9,59.937315,0.059192,37.793907,,
2503764,U21 Social Sciences Building,Compostables,59,sigmoid,0.0354,36.6,88.6,81.4,26.5,33.8,37.8,40.754156,0.040195,8.451131,,
2503765,E18 Latimer Courtyard,Waste,73,sigmoid,0.0981,68.2,73.1,6.8,59.3,63.2,67.2,120.0,0.005489,28.307882,,
2503766,U21 Social Sciences Building,Waste,79,sigmoid,0.3645,46.1,52.8,44.3,17.9,50.9,58.6,59.307008,0.109778,31.634728,,
2503767,U26 A&E Sproul,Waste,39,sigmoid,0.3134,24.1,75.5,74.4,9.9,14.0,19.6,120.0,0.016135,173.290456,,
2503768,W06 West Circle,Waste,135,sigmoid,0.2759,57.0,49.9,28.1,39.3,61.3,68.8,70.918963,0.06841,20.860602,,
2503769,U03 Grade Street,Waste,68,sigmoid,0.6477,50.6,83.7,35.3,5.7,49.7,66.0,66.735183,0.143187,40.534418,,
2503770,U26 A&E Sproul,Bottles/Cans,7,insufficient_data,,31.4,91.4,57.1,,,,,,,,
2503771,U21 Social Sciences Building,Bottles/Cans,12,sigmoid,0.4618,40.0,124.1,50.0,0.0,0.0,0.0,60.113804,2.0,119.400959,,
2503772,W06 West Circle,Bottles/Cans,31,sigmoid,0.5223,53.5,94.8,35.5,0.0,0.0,5.7,75.056284,1.912575,73.31075,,
2503773,U03 Grade Street,Bottles/Cans,16,sigmoid,0.0287,41.2,114.5,50.0,24.6,31.3,37.3,51.109969,0.022239,27.318664,,
2503774,E18 Latimer Courtyard,Bottles/Cans,8,insufficient_data,,52.5,117.5,37.5,,,,,,,,
